{
  "dataset": {
    "name": "soc-Pokec",
    "nodes": 1632803,
    "edges_directed": 30622564,
    "edges_undirected": 22301964,
    "largest_component_size": 1632803
  },
  "degrees_of_separation": {
    "samples": 10000,
    "average": 4.7015,
    "median": 5.0,
    "std": 0.8029929949881256,
    "min": 2,
    "max": 9
  },
  "network_metrics": {
    "average_degree": 27.31739713854029,
    "density": 1.6730379518484355e-05,
    "average_clustering": 0.10655432337152133,
    "reciprocity": 0.5434293483720044
  },
  "community_detection": {
    "algorithm": "Louvain",
    "num_communities": 23,
    "modularity": 0.72303607094183
  },
  "top_nodes": {
    "by_pagerank": [
      [
        5935,
        0.022190576993072156
      ],
      [
        5867,
        0.0016824107340050142
      ],
      [
        1891,
        0.0015465511324225876
      ],
      [
        25855,
        0.0014531509992880465
      ],
      [
        6228,
        0.0010947679485854161
      ],
      [
        76,
        0.0010442437321623152
      ],
      [
        25994,
        0.0010046484475939705
      ],
      [
        48826,
        0.0009239871855503322
      ],
      [
        189,
        0.0007387976700467408
      ],
      [
        1830,
        0.0005864455075308779
      ]
    ],
    "by_degree": [
      [
        5935,
        0.2970859417188344
      ],
      [
        5867,
        0.032800656013120266
      ],
      [
        1891,
        0.030260605212104243
      ],
      [
        25855,
        0.025220504410088204
      ],
      [
        6228,
        0.021460429208584174
      ],
      [
        76,
        0.020620412408248166
      ],
      [
        25994,
        0.019380387607752157
      ],
      [
        189,
        0.013220264405288106
      ],
      [
        1830,
        0.011680233604672094
      ],
      [
        83174,
        0.008300166003320068
      ]
    ]
  }
}