{
  "config": {
    "graph_mode": "mutual",
    "num_pairs": 10000,
    "random_seed": 42,
    "clustering_sample": 10000,
    "community_sample": 50000,
    "centrality_sample": 10000,
    "betweenness_k": 500,
    "degree_hist_percentile": 99.0
  },
  "graph": {
    "mode": "mutual",
    "reciprocity": 0.5434293483720044,
    "meta": {
      "loaded_graph_type": "directed",
      "directed_nodes": 1632803,
      "directed_edges": 30622564,
      "mutual_nodes": 1632803,
      "mutual_edges": 8320600
    },
    "lcc": {
      "nodes": 1198274,
      "edges": 8312834,
      "num_components": 426901,
      "largest_component_nodes": 1198274,
      "largest_component_pct": 73.38754277154072,
      "top_component_sizes": [
        1198274,
        32,
        12,
        9,
        8
      ],
      "elapsed_seconds": 33.361008644104004
    }
  },
  "degrees_of_separation": {
    "samples": 10000,
    "found": 10000,
    "failed": 0,
    "average": 5.6749,
    "median": 6.0,
    "std": 1.0610419360232657,
    "min": 2,
    "max": 11
  },
  "network_metrics": {
    "nodes": 1198274,
    "edges": 8312834,
    "average_degree": 13.87467974770378,
    "density": 1.1578897085809144e-05,
    "average_clustering_sampled": 0.10495577472279197,
    "min": 1,
    "max": 7266,
    "median": 7.0
  },
  "community_detection": {
    "sample_nodes": 50000,
    "sample_edges": 223265,
    "num_communities": 37,
    "modularity": 0.7855264216680425,
    "top_communities": [
      [
        31,
        4429
      ],
      [
        1,
        3309
      ],
      [
        3,
        2708
      ],
      [
        2,
        2652
      ],
      [
        25,
        2218
      ],
      [
        16,
        2052
      ],
      [
        26,
        2031
      ],
      [
        19,
        1926
      ],
      [
        20,
        1822
      ],
      [
        9,
        1691
      ]
    ]
  },
  "centrality": {
    "sample_nodes": 10000,
    "sample_edges": 29070,
    "degree": [
      [
        5867,
        0.7266726672667267,
        7266
      ],
      [
        1891,
        0.40864086408640865,
        4086
      ],
      [
        6228,
        0.2737273727372737,
        2737
      ],
      [
        25994,
        0.11261126112611261,
        1126
      ],
      [
        1830,
        0.08990899089908991,
        899
      ],
      [
        5935,
        0.035703570357035704,
        357
      ],
      [
        25855,
        0.029602960296029605,
        296
      ],
      [
        6067,
        0.017401740174017404,
        174
      ],
      [
        6053,
        0.013601360136013601,
        136
      ],
      [
        2921,
        0.0098009800980098,
        98
      ]
    ],
    "betweenness": [
      [
        5867,
        0.7691977442718011
      ],
      [
        1891,
        0.12534902079590185
      ],
      [
        6228,
        0.12345658936610943
      ],
      [
        25855,
        0.04330872756462612
      ],
      [
        6067,
        0.03457985873200673
      ],
      [
        3624,
        0.020298224062928465
      ],
      [
        6053,
        0.01742660228530366
      ],
      [
        7358,
        0.0165707494547523
      ],
      [
        2921,
        0.01623616747054412
      ],
      [
        157,
        0.013379722667968571
      ]
    ]
  },
  "visualization": {
    "nodes": 1000,
    "edges": 2485,
    "layout": "spring",
    "k": 0.5,
    "iterations": 50
  },
  "runtime_seconds": 216.66006207466125,
  "ram_gb_end": 8.184139251708984
}